Year,Fort Worth,Statewide
2000,72599.96333,59616.76736
2010,71698.66667,60759.26142
2020,77176.58889,63878.29189
2024,80214.11111,64482.0315
2030,84834.10198,74812.98062
2040,89193.94901,79072.91022
2050,93860.22946,83672.28742
